{"category_counts": {"other": 4665, "flexible_hours": 3335, "education": 2874, "remote_work": 2477, "health": 2468, "time_off": 2055, "perks": 2014, "mobility": 1904, "retirement": 1829, "compensation": 905, "social": 720, "food": 594}, "by_family": {"SAP Consultant": {"compensation": 3.559870550161812, "education": 13.484358144552319, "flexible_hours": 18.176914778856528, "food": 2.103559870550162, "health": 14.455231930960085, "mobility": 12.02804746494067, "other": 22.761596548004313, "perks": 9.816612729234087, "remote_work": 12.02804746494067, "retirement": 8.95361380798274, "social": 1.7259978425026967, "time_off": 10.625674217907227}, "System Administrator": {"compensation": 6.984667802385008, "education": 19.875070982396366, "flexible_hours": 20.954003407155025, "food": 3.9750141964792736, "health": 16.978989210675753, "mobility": 17.773992049971607, "other": 31.28904031800114, "perks": 16.127200454287337, "remote_work": 11.527541169789894, "retirement": 17.206132879045995, "social": 4.315729699034639, "time_off": 15.843270868824533}, "Software Developer": {"compensation": 6.261740763932373, "education": 17.031934877896056, "flexible_hours": 20.037570444583594, "food": 3.757044458359424, "health": 14.715090795241077, "mobility": 10.644959298685034, "other": 26.67501565435191, "perks": 12.147777082028805, "remote_work": 13.963681903569192, "retirement": 11.521603005635567, "social": 5.072010018785223, "time_off": 12.711333750782716}, "Fullstack Developer": {"compensation": 3.8612565445026177, "education": 15.314136125654452, "flexible_hours": 19.044502617801047, "food": 3.4685863874345553, "health": 12.630890052356019, "mobility": 7.853403141361256, "other": 25.13089005235602, "perks": 10.471204188481675, "remote_work": 16.819371727748692, "retirement": 8.115183246073299, "social": 5.56282722513089, "time_off": 9.620418848167539}, "Solution Architect": {"compensation": 5.892700087950748, "education": 18.02990325417766, "flexible_hours": 20.756376429199648, "food": 2.2867194371152153, "health": 13.192612137203167, "mobility": 10.026385224274406, "other": 23.658751099384347, "perks": 10.202286719437115, "remote_work": 14.511873350923482, "retirement": 8.70712401055409, "social": 1.6710642040457344, "time_off": 10.817941952506596}, "Backend Developer": {"compensation": 4.797979797979798, "education": 10.984848484848484, "flexible_hours": 13.131313131313133, "food": 3.787878787878788, "health": 11.363636363636363, "mobility": 7.449494949494949, "other": 21.59090909090909, "perks": 7.449494949494949, "remote_work": 13.383838383838384, "retirement": 6.565656565656567, "social": 4.924242424242424, "time_off": 8.585858585858585}, "Data Engineer": {"compensation": 5.67741935483871, "education": 13.806451612903226, "flexible_hours": 14.32258064516129, "food": 3.225806451612903, "health": 11.741935483870968, "mobility": 9.67741935483871, "other": 20.903225806451616, "perks": 9.290322580645162, "remote_work": 14.193548387096774, "retirement": 10.451612903225808, "social": 3.741935483870968, "time_off": 9.67741935483871}, "Cloud Engineer": {"compensation": 1.925722145804677, "education": 14.167812929848694, "flexible_hours": 13.617606602475929, "food": 2.3383768913342506, "health": 10.729023383768913, "mobility": 10.041265474552958, "other": 18.15680880330124, "perks": 7.4277854195323245, "remote_work": 12.104539202200826, "retirement": 6.189821182943604, "social": 2.7510316368638237, "time_off": 9.353507565337003}, "DevOps Engineer": {"compensation": 4.58970792767733, "education": 19.88873435326843, "flexible_hours": 22.11404728789986, "food": 2.781641168289291, "health": 17.2461752433936, "mobility": 12.934631432545201, "other": 27.53824756606398, "perks": 9.735744089012517, "remote_work": 18.776077885952713, "retirement": 13.351877607788595, "social": 4.450625869262865, "time_off": 12.795549374130738}, "IT Security Engineer": {"compensation": 7.7490774907749085, "education": 21.58671586715867, "flexible_hours": 25.830258302583026, "food": 2.5830258302583027, "health": 17.89667896678967, "mobility": 15.498154981549817, "other": 33.579335793357934, "perks": 16.236162361623617, "remote_work": 16.236162361623617, "retirement": 14.760147601476014, "social": 5.350553505535055, "time_off": 16.974169741697416}, "Embedded Developer": {"compensation": 3.4615384615384617, "education": 11.73076923076923, "flexible_hours": 18.269230769230766, "food": 4.038461538461538, "health": 10.76923076923077, "mobility": 8.846153846153847, "other": 26.53846153846154, "perks": 9.038461538461538, "remote_work": 7.884615384615384, "retirement": 11.153846153846155, "social": 2.6923076923076925, "time_off": 8.846153846153847}, "IT Support / Helpdesk": {"compensation": 3.9525691699604746, "education": 15.217391304347828, "flexible_hours": 15.612648221343871, "food": 3.3596837944664033, "health": 9.090909090909092, "mobility": 8.300395256916996, "other": 24.308300395256918, "perks": 10.276679841897234, "remote_work": 7.905138339920949, "retirement": 10.869565217391305, "social": 2.9644268774703555, "time_off": 13.83399209486166}}}