{"german_pct_by_family": {"SAP Consultant": {"German %": 40.075512405609494}, "System Administrator": {"German %": 40.31800113571834}, "Software Developer": {"German %": 41.32748904195366}, "Fullstack Developer": {"German %": 37.23821989528796}, "Solution Architect": {"German %": 40.19349164467898}, "Backend Developer": {"German %": 28.156565656565657}, "Data Engineer": {"German %": 37.03225806451613}, "Cloud Engineer": {"German %": 50.06877579092159}, "DevOps Engineer": {"German %": 44.78442280945758}, "IT Security Engineer": {"German %": 36.715867158671585}, "Embedded Developer": {"German %": 31.92307692307692}, "IT Support / Helpdesk": {"German %": 32.015810276679844}}, "english_pct_by_family": {"SAP Consultant": {"English %": 28.209277238403452}, "System Administrator": {"English %": 30.948324815445773}, "Software Developer": {"English %": 31.18346900438322}, "Fullstack Developer": {"English %": 28.1413612565445}, "Solution Architect": {"English %": 31.838170624450306}, "Backend Developer": {"English %": 18.055555555555554}, "Data Engineer": {"English %": 32.774193548387096}, "Cloud Engineer": {"English %": 39.20220082530949}, "DevOps Engineer": {"English %": 32.962447844228095}, "IT Security Engineer": {"English %": 34.87084870848708}, "Embedded Developer": {"English %": 36.73076923076923}, "IT Support / Helpdesk": {"English %": 22.92490118577075}}, "cefr_distribution": {"required": 5289, "B2+": 922, "C1+": 501, "B2": 8, "C1": 30, "B1": 109, "C2": 14}, "german_mention_count": 6873, "english_mention_count": 5245, "total_rows": 18854}