{"by_state": {"North Rhine-Westphalia": 3525, "Bavaria": 3065, "Baden-Württemberg": 2742, "Berlin": 1967, "Hesse": 1519, "Hamburg": 1063, "Saxony": 982, "Lower Saxony": 752, "Schleswig-Holstein": 411, "Rhineland-Palatinate": 362, "Bremen": 344, "Thuringia": 321, "Saarland": 239, "Mecklenburg-West Pomerania": 234, "Saxony-Anhalt": 200, "Brandenburg": 93}, "by_city": {"Berlin": 1919, "München": 1364, "Hamburg": 1057, "Frankfurt am Main": 923, "Köln": 646, "Stuttgart": 532, "Düsseldorf": 468, "Dresden": 435, "Leipzig": 410, "Nürnberg": 362, "Karlsruhe": 352, "Hannover": 343, "Bremen": 339, "Münster": 262, "Dortmund": 261, "Ulm": 247, "Essen": 227, "Augsburg": 226, "Aachen": 225, "Kiel": 198, "Rostock": 190, "Freiburg": 186, "Bonn": 176, "Saarbrücken": 173, "Mannheim": 156, "Jena": 153, "Wiesbaden": 123, "Walldorf": 121, "Paderborn": 118, "Heidelberg": 111}, "modality_by_state": {"North Rhine-Westphalia": {"Hybrid": 53.73064289066166, "On-site": 6.100422336931018, "Remote": 40.16893477240732}, "Bavaria": {"Hybrid": 55.216426193118764, "On-site": 9.711431742508324, "Remote": 35.07214206437292}, "Baden-Württemberg": {"Hybrid": 55.69453587886768, "On-site": 8.294930875576037, "Remote": 36.01053324555629}, "Berlin": {"Hybrid": 55.294117647058826, "On-site": 5.176470588235294, "Remote": 39.52941176470588}, "Hesse": {"Hybrid": 51.70984455958549, "On-site": 7.461139896373056, "Remote": 40.829015544041454}, "Hamburg": {"Hybrid": 56.33608815426997, "On-site": 8.539944903581267, "Remote": 35.12396694214876}, "Saxony": {"Hybrid": 51.59574468085106, "On-site": 8.333333333333332, "Remote": 40.0709219858156}, "Lower Saxony": {"Hybrid": 53.89755011135857, "On-site": 7.57238307349666, "Remote": 38.530066815144764}, "Schleswig-Holstein": {"Hybrid": 42.99065420560748, "On-site": 11.682242990654206, "Remote": 45.32710280373832}, "Rhineland-Palatinate": {"Hybrid": 41.70616113744076, "On-site": 11.848341232227488, "Remote": 46.44549763033176}, "Bremen": {"Hybrid": 43.93939393939394, "On-site": 7.07070707070707, "Remote": 48.98989898989899}, "Thuringia": {"Hybrid": 48.701298701298704, "On-site": 9.740259740259742, "Remote": 41.55844155844156}, "Saarland": {"Hybrid": 42.592592592592595, "On-site": 7.4074074074074066, "Remote": 50.0}, "Mecklenburg-West Pomerania": {"Hybrid": 49.48453608247423, "On-site": 4.123711340206185, "Remote": 46.391752577319586}, "Saxony-Anhalt": {"Hybrid": 43.90243902439025, "On-site": 10.569105691056912, "Remote": 45.52845528455284}, "Brandenburg": {"Hybrid": 38.095238095238095, "On-site": 9.523809523809524, "Remote": 52.38095238095239}}}