{"Frontend Developer": {"count": 460, "top_skills": {"TypeScript": 286, "JavaScript": 265, "React": 265, "CSS": 190, "HTML": 172, "Angular": 160, "Vue.js": 135, "Git": 121, "CI/CD": 98, "HTML5": 67, "CSS3": 66, "Docker": 55, "REST APIs": 54, "State Management": 48, "Vite": 43}, "seniority": {"Senior": 159, "Junior": 18, "Lead": 9}, "modality": {"Remote": 139, "Hybrid": 127, "On-site": 9}, "top_cities": {"Berlin": 61, "München": 44, "Köln": 31, "Hamburg": 26, "Frankfurt am Main": 23, "Aachen": 15, "Hannover": 12, "Düsseldorf": 10, "Dresden": 10, "Nürnberg": 10}, "skill_progression": {"TypeScript": {"Junior": 44.44444444444444, "Mid": 60.94890510948905, "Senior": 66.66666666666666, "Lead": 55.55555555555556}, "JavaScript": {"Junior": 72.22222222222221, "Mid": 56.56934306569343, "Senior": 59.11949685534591, "Lead": 33.33333333333333}, "React": {"Junior": 55.55555555555556, "Mid": 53.64963503649635, "Senior": 64.15094339622641, "Lead": 66.66666666666666}, "CSS": {"Junior": 61.111111111111114, "Mid": 42.33576642335766, "Senior": 37.735849056603776, "Lead": 33.33333333333333}, "HTML": {"Junior": 61.111111111111114, "Mid": 33.21167883211679, "Senior": 42.76729559748428, "Lead": 22.22222222222222}, "Angular": {"Junior": 11.11111111111111, "Mid": 36.496350364963504, "Senior": 36.477987421383645, "Lead": 0.0}, "Vue.js": {"Junior": 5.555555555555555, "Mid": 25.18248175182482, "Senior": 40.88050314465409, "Lead": 0.0}, "Git": {"Junior": 50.0, "Mid": 25.91240875912409, "Senior": 25.78616352201258, "Lead": 0.0}, "CI/CD": {"Junior": 27.77777777777778, "Mid": 18.248175182481752, "Senior": 25.78616352201258, "Lead": 22.22222222222222}, "HTML5": {"Junior": 11.11111111111111, "Mid": 16.78832116788321, "Senior": 11.320754716981133, "Lead": 11.11111111111111}}, "salary": {"median": 58750, "p25": 57500, "p75": 86875, "count": 18}}, "Backend Developer": {"count": 792, "top_skills": {"Docker": 296, "Java": 285, "CI/CD": 273, "AWS": 260, "PostgreSQL": 243, "Microservices": 218, "Kubernetes": 211, "Go": 177, "Python": 160, "Spring Boot": 143, "SQL": 128, "Git": 124, "Kafka": 121, "Monitoring": 120, "TypeScript": 120}, "seniority": {"Senior": 315, "Lead": 33, "Junior": 20}, "modality": {"Remote": 253, "Hybrid": 244, "On-site": 25}, "top_cities": {"Berlin": 158, "München": 67, "Hamburg": 50, "Frankfurt am Main": 39, "Köln": 28, "Leipzig": 26, "Dresden": 25, "Stuttgart": 17, "Karlsruhe": 15, "Essen": 15}, "skill_progression": {"Docker": {"Junior": 10.0, "Mid": 41.27358490566038, "Senior": 36.507936507936506, "Lead": 12.121212121212121}, "Java": {"Junior": 50.0, "Mid": 32.78301886792453, "Senior": 38.730158730158735, "Lead": 42.42424242424242}, "CI/CD": {"Junior": 25.0, "Mid": 30.18867924528302, "Senior": 40.317460317460316, "Lead": 39.39393939393939}, "AWS": {"Junior": 15.0, "Mid": 32.54716981132076, "Senior": 33.65079365079365, "Lead": 39.39393939393939}, "PostgreSQL": {"Junior": 25.0, "Mid": 36.32075471698113, "Senior": 23.174603174603174, "Lead": 33.33333333333333}, "Microservices": {"Junior": 30.0, "Mid": 30.660377358490564, "Senior": 24.444444444444443, "Lead": 15.151515151515152}, "Kubernetes": {"Junior": 5.0, "Mid": 20.047169811320757, "Senior": 35.55555555555556, "Lead": 39.39393939393939}, "Go": {"Junior": 10.0, "Mid": 28.77358490566038, "Senior": 15.555555555555555, "Lead": 12.121212121212121}, "Python": {"Junior": 40.0, "Mid": 18.632075471698112, "Senior": 20.317460317460316, "Lead": 27.27272727272727}, "Spring Boot": {"Junior": 15.0, "Mid": 14.150943396226415, "Senior": 23.174603174603174, "Lead": 21.21212121212121}}, "salary": {"median": 76000, "p25": 57500, "p75": 95000, "count": 25}}, "Fullstack Developer": {"count": 1528, "top_skills": {"TypeScript": 732, "React": 728, "CI/CD": 589, "JavaScript": 564, "Java": 524, "Angular": 481, "Docker": 457, "Git": 410, "Node.js": 380, "SQL": 332, "PostgreSQL": 331, "AWS": 313, "Python": 309, "Kubernetes": 300, "Vue.js": 292}, "seniority": {"Senior": 453, "Lead": 54, "Junior": 51, "C-Level": 1}, "modality": {"Remote": 477, "Hybrid": 457, "On-site": 78}, "top_cities": {"Berlin": 188, "Hamburg": 99, "München": 95, "Frankfurt am Main": 76, "Köln": 59, "Stuttgart": 56, "Karlsruhe": 51, "Nürnberg": 41, "Leipzig": 39, "Freiburg": 33}, "skill_progression": {"TypeScript": {"Junior": 47.05882352941176, "Mid": 44.06604747162023, "Senior": 52.317880794701985, "Lead": 81.48148148148148}, "React": {"Junior": 56.86274509803921, "Mid": 42.93085655314757, "Senior": 53.86313465783664, "Lead": 70.37037037037037}, "CI/CD": {"Junior": 25.49019607843137, "Mid": 33.64293085655315, "Senior": 48.56512141280353, "Lead": 53.70370370370371}, "JavaScript": {"Junior": 49.01960784313725, "Mid": 39.318885448916404, "Senior": 31.346578366445915, "Lead": 27.77777777777778}, "Java": {"Junior": 27.450980392156865, "Mid": 35.91331269349845, "Senior": 31.346578366445915, "Lead": 35.18518518518518}, "Angular": {"Junior": 27.450980392156865, "Mid": 31.991744066047474, "Senior": 31.788079470198678, "Lead": 22.22222222222222}, "Docker": {"Junior": 23.52941176470588, "Mid": 29.102167182662537, "Senior": 31.346578366445915, "Lead": 37.03703703703704}, "Git": {"Junior": 33.33333333333333, "Mid": 29.102167182662537, "Senior": 21.41280353200883, "Lead": 25.925925925925924}, "Node.js": {"Junior": 35.294117647058826, "Mid": 23.8390092879257, "Senior": 25.607064017660043, "Lead": 27.77777777777778}, "SQL": {"Junior": 29.411764705882355, "Mid": 22.910216718266255, "Senior": 17.880794701986755, "Lead": 25.925925925925924}}, "salary": {"median": 68750, "p25": 65000, "p75": 77500, "count": 72}}, "Data Scientist": {"count": 344, "top_skills": {"Python": 293, "Machine Learning": 200, "SQL": 163, "Data Science": 117, "R": 104, "PyTorch": 92, "TensorFlow": 86, "scikit-learn": 83, "pandas": 73, "AWS": 58, "Azure": 55, "Data Analysis": 54, "Statistics": 47, "AI": 46, "Deep Learning": 45}, "seniority": {"Senior": 100, "Lead": 23, "Junior": 12, "Director": 3}, "modality": {"Hybrid": 122, "Remote": 60, "On-site": 9}, "top_cities": {"Berlin": 58, "München": 36, "Frankfurt am Main": 25, "Hamburg": 21, "Köln": 20, "Düsseldorf": 15, "Stuttgart": 12, "Essen": 10, "Dortmund": 9, "Hannover": 8}, "skill_progression": {"Python": {"Junior": 100.0, "Mid": 83.00970873786407, "Senior": 89.0, "Lead": 86.95652173913044}, "Machine Learning": {"Junior": 50.0, "Mid": 59.22330097087378, "Senior": 55.00000000000001, "Lead": 69.56521739130434}, "SQL": {"Junior": 25.0, "Mid": 37.86407766990291, "Senior": 65.0, "Lead": 60.86956521739131}, "Data Science": {"Junior": 33.33333333333333, "Mid": 34.46601941747573, "Senior": 32.0, "Lead": 30.434782608695656}, "R": {"Junior": 8.333333333333332, "Mid": 34.95145631067961, "Senior": 25.0, "Lead": 17.391304347826086}, "PyTorch": {"Junior": 16.666666666666664, "Mid": 20.388349514563107, "Senior": 35.0, "Lead": 52.17391304347826}, "TensorFlow": {"Junior": 50.0, "Mid": 19.41747572815534, "Senior": 28.999999999999996, "Lead": 43.47826086956522}, "scikit-learn": {"Junior": 66.66666666666666, "Mid": 13.592233009708737, "Senior": 37.0, "Lead": 39.130434782608695}, "pandas": {"Junior": 41.66666666666667, "Mid": 14.077669902912621, "Senior": 35.0, "Lead": 17.391304347826086}, "AWS": {"Junior": 0.0, "Mid": 13.592233009708737, "Senior": 27.0, "Lead": 8.695652173913043}}, "salary": {"median": 75000, "p25": 67500, "p75": 77500, "count": 5}}, "Data Engineer": {"count": 775, "top_skills": {"Python": 530, "SQL": 474, "CI/CD": 249, "AWS": 237, "Azure": 228, "Databricks": 202, "ETL": 201, "Spark": 195, "Data Pipelines": 187, "dbt": 175, "GCP": 157, "Data Modeling": 156, "Data Engineering": 145, "Airflow": 132, "Snowflake": 127}, "seniority": {"Senior": 230, "Lead": 32, "Junior": 32}, "modality": {"Hybrid": 243, "Remote": 164, "On-site": 33}, "top_cities": {"Berlin": 89, "Hamburg": 59, "München": 53, "Frankfurt am Main": 48, "Köln": 41, "Düsseldorf": 30, "Essen": 20, "Münster": 19, "Stuttgart": 19, "Karlsruhe": 18}, "skill_progression": {"Python": {"Junior": 75.0,