{"top_25": {"Python": 4051, "CI/CD": 3497, "Azure": 2766, "AWS": 2576, "Java": 2526, "Kubernetes": 2488, "SQL": 2436, "Docker": 2366, "Linux": 1938, "JavaScript": 1916, "TypeScript": 1808, "Git": 1804, "React": 1523, "GCP": 1474, "Monitoring": 1472, "Terraform": 1408, "DevOps": 1363, "Microservices": 1075, "Angular": 1042, "PostgreSQL": 1041, "Machine Learning": 987, "Scrum": 830, "APIs": 829, "SAP S/4HANA": 825, "Go": 821}, "by_family": {"SAP Consultant": {"Python": 0.8090614886731391, "CI/CD": 2.319309600862999, "Azure": 3.505933117583603, "AWS": 2.8047464940668827, "Java": 7.227615965480043, "Kubernetes": 0.8090614886731391, "Docker": 0.8090614886731391, "SQL": 2.2114347357065802, "Linux": 1.186623516720604, "JavaScript": 5.285868392664509, "TypeScript": 0.48543689320388345, "Git": 1.9417475728155338, "React": 0.16181229773462785, "GCP": 2.103559870550162, "Monitoring": 1.6720604099244876}, "System Administrator": {"Python": 4.145371947756956, "CI/CD": 1.8739352640545146, "Azure": 11.98182850653038, "AWS": 2.0442930153321974, "Java": 1.0221465076660987, "Kubernetes": 2.612152186257808, "Docker": 2.8960817717206133, "SQL": 3.8614423622941514, "Linux": 22.487223168654175, "JavaScript": 0.6814310051107325, "TypeScript": 0.0, "Git": 1.192504258943782, "React": 0.0, "GCP": 0.7950028392958546, "Monitoring": 12.60647359454855}, "Software Developer": {"Python": 23.544145272385723, "CI/CD": 19.098309329993736, "Azure": 9.830932999373825, "AWS": 8.515967438948028, "Java": 33.12460864120225, "Kubernetes": 13.901064495929868, "Docker": 16.28052598622417, "SQL": 15.153412648716344, "Linux": 13.525360050093926, "JavaScript": 17.78334376956794, "TypeScript": 9.643080776455855, "Git": 20.16280525986224, "React": 8.265497808390734, "GCP": 4.007514088916719, "Monitoring": 2.567313713212273}, "Fullstack Developer": {"Python": 20.222513089005236, "CI/CD": 38.547120418848166, "Azure": 13.219895287958114, "AWS": 20.484293193717278, "Java": 34.29319371727749, "Kubernetes": 19.63350785340314, "Docker": 29.908376963350786, "SQL": 21.727748691099478, "Linux": 5.170157068062827, "JavaScript": 36.910994764397905, "TypeScript": 47.90575916230366, "Git": 26.83246073298429, "React": 47.64397905759162, "GCP": 6.871727748691099, "Monitoring": 5.824607329842932}, "Solution Architect": {"Python": 10.11433597185576, "CI/CD": 13.280562884784523, "Azure": 32.189973614775724, "AWS": 22.691292875989447, "Java": 9.762532981530343, "Kubernetes": 11.87335092348285, "Docker": 7.563764291996482, "SQL": 6.156552330694811, "Linux": 3.518029903254178, "JavaScript": 4.573438874230431, "TypeScript": 2.638522427440633, "Git": 3.2541776605101145, "React": 2.550571679859279, "GCP": 16.97449428320141, "Monitoring": 5.013192612137203}, "Backend Developer": {"Python": 20.2020202020202, "CI/CD": 34.46969696969697, "Azure": 9.722222222222223, "AWS": 32.82828282828283, "Java": 35.984848484848484, "Kubernetes": 26.641414141414145, "Docker": 37.37373737373738, "SQL": 16.161616161616163, "Linux": 7.196969696969697, "JavaScript": 9.722222222222223, "TypeScript": 15.151515151515152, "Git": 15.656565656565657, "React": 5.555555555555555, "GCP": 8.45959595959596, "Monitoring": 15.151515151515152}, "Data Engineer": {"Python": 68.38709677419355, "CI/CD": 32.12903225806451, "Azure": 29.419354838709676, "AWS": 30.58064516129032, "Java": 14.193548387096774, "Kubernetes": 13.93548387096774, "Docker": 14.32258064516129, "SQL": 61.16129032258064, "Linux": 6.322580645161291, "JavaScript": 2.838709677419355, "TypeScript": 2.838709677419355, "Git": 12.645161290322582, "React": 2.064516129032258, "GCP": 20.258064516129032, "Monitoring": 10.967741935483872}, "Cloud Engineer": {"Python": 20.082530949105916, "CI/CD": 43.60385144429161, "Azure": 60.38514442916093, "AWS": 47.31774415405777, "Java": 10.453920220082532, "Kubernetes": 39.61485557083906, "Docker": 21.320495185694636, "SQL": 3.851444291609354, "Linux": 14.030261348005501, "JavaScript": 4.53920220082531, "TypeScript": 8.390646492434662, "Git": 7.152682255845942, "React": 3.851444291609354, "GCP": 34.3878954607978, "Monitoring": 21.04539202200825}, "DevOps Engineer": {"Python": 41.1682892906815, "CI/CD": 77.05146036161335, "Azure": 27.53824756606398, "AWS": 31.84979137691238, "Java": 12.656467315716272, "Kubernetes": 66.20305980528511, "Docker": 56.05006954102921, "SQL": 4.033379694019471, "Linux": 40.333796940194716, "JavaScript": 4.867872044506258, "TypeScript": 4.172461752433936, "Git": 23.783031988873436, "React": 1.52990264255911, "GCP": 18.35883171070932, "Monitoring": 43.671766342141865}, "IT Security Engineer": {"Python": 16.789667896678967, "CI/CD": 5.719557195571956, "Azure": 9.22509225092251, "AWS": 7.380073800738007, "Java": 4.797047970479705, "Kubernetes": 5.719557195571956, "Docker": 2.029520295202952, "SQL": 0.36900369003690037, "Linux": 14.391143911439114, "JavaScript": 3.8745387453874542, "TypeScript": 0.9225092250922509, "Git": 4.059040590405904, "React": 0.18450184501845018, "GCP": 4.981549815498155, "Monitoring": 2.952029520295203}, "Embedded Developer": {"Python": 31.538461538461537, "CI/CD": 11.538461538461538, "Azure": 1.153846153846154, "AWS": 1.153846153846154, "Java": 3.8461538461538463, "Kubernetes": 0.7692307692307693, "Docker": 3.8461538461538463, "SQL": 0.576923076923077, "Linux": 26.346153846153847, "JavaScript": 2.307692307692308, "TypeScript": 0.7692307692307693, "Git": 13.846153846153847, "React": 0.19230769230769232, "GCP": 0.0, "Monitoring": 0.19230769230769232}, "IT Support / Helpdesk": {"Python": 1.185770750988142, "CI/CD": 0.0, "Azure": 15.41501976284585, "AWS": 1.383399209486166, "Java": 1.383399209486166, "Kubernetes": 1.185770750988142, "Docker": 0.3952569169960474, "SQL": 2.5691699604743086, "Linux": 22.529644268774703, "JavaScript": 2.766798418972332, "TypeScript": 0.592885375494071, "Git": 0.1976284584980237, "React": 0.592885375494071, "GCP": 0.7905138339920948, "Monitoring": 1.9762845849802373}}, "cooccurrence": {"AWS": {"AWS": 0, "Azure": 1524, "CI/CD": 1120, "Docker": 854, "GCP": 1183, "Git": 299, "Java": 576, "JavaScript": 267, "Kubernetes": 928, "Linux": 262, "Monitoring": 550, "Python": 1020, "React": 409, "SQL": 441, "TypeScript": 461}, "Azure": {"AWS": 1524, "Azure": 0, "CI/CD": 989, "Docker": 724, "GCP": 1125, "Git": 264, "Java": 454, "JavaScript": 190, "Kubernetes": 862, "Linux": 324, "Monitoring": 447, "Python": 883, "React": 242, "SQL": 555, "TypeScript": 223}, "CI/CD": {"AWS": 1120, "Azure": 989, "CI/CD": 0, "Docker": 1390, "GCP": 668, "Git": 858, "Java": 827, "JavaScript": 510, "Kubernetes": 1322, "Linux": 481, "Monitoring": 743, "Python": 1250, "React": 546, "SQL": 486, "TypeScript": 726}, "Docker": {"AWS": 854, "Azure": 724, "CI/CD": 1390, "Docker": 0, "GCP": 463, "Git": 615, "Java": 648, "JavaScript": 332, "Kubernetes": 1442, "Linux": 478, "Monitoring": 471, "Python": 880, "React": 407, "SQL": 337, "TypeScript": 475}, "GCP": {"AWS": 1183, "Azure": 1125, "CI/CD": 668, "Docker": 463, "GCP": 0, "Git": 162, "Java": 343, "JavaScript": 108, "Kubernetes": 617, "Linux": 140, "Monitoring": 316, "Python": 620, "React": 172, "SQL": 296, "TypeScript": 178}, "Git": {"AWS": 299, "Azure": 264, "CI/CD": 858, "Docker": 615, "GCP": 162, "Git": 0, "Java": 444, "JavaScript": 423, "Kubernetes": 414, "Linux": 351, "Monitoring": 174, "Python": 563, "React": 337, "SQL": 339, "TypeScript": 374}, "Java": {"AWS": 576, "Azure": 454, "CI/CD": 827, "Docker": 648, "GCP": 343, "Git": 444, "Java": 0, "JavaScript": 557, "Kubernetes": 641, "Linux": 182, "Monitoring": 195, "Python": 738, "React": 448, "SQL": 504, "TypeScript": 475}, "JavaScript": {"AWS": 267, "Azure": 190, "CI/CD": 510, "Docker": 332, "GCP": 108, "Git": 423, "Java": 557, "JavaScript": 0, "Kubernetes": 221, "Linux": 141, "Monitoring": 79, "Python": 434, "React": 644, "SQL": 303, "TypeScript": 786}, "Kubernetes": {"AWS": 928, "Azure": 862, "CI/CD": 1322, "Docker": 1442, "GCP": 617, "Git": 414, "Java": 641, "JavaScript": 221, "Kubernetes": 0, "Linux": 539, "Monitoring": 583,